drug,reaction,a,n_drug,n_event,b,c,d,PRR,ROR
PAXLOVID,Disease recurrence,3981,9717,6950,5736,2969,1471664,203.485620944054,344.018266860769
REPATHA,Device difficult to use,12987,27309,17790,14322,4803,1452238,144.265414899495,274.176596529138
DUPIXENT,Dermatitis atopic,8851,96666,9830,87815,979,1386705,129.785591814972,142.766076620009
VEDOLIZUMAB,Colitis ulcerative,3671,15101,6771,11430,3100,1466149,115.215892111396,151.898878982869
GENOTROPIN,Device leakage,2848,10014,7342,7166,4494,1469842,93.3030412518158,129.987253013631
LEFLUNOMIDE,Hepatic enzyme increased,1612,6928,6525,5316,4913,1472509,69.9704965710523,90.8848006479026
SULFASALAZINE,Hepatic enzyme increased,1678,7391,6525,5713,4847,1472112,69.180576067386,89.2063080192631
INFLECTRA,Intentional product use issue,2634,7312,10333,4678,7699,1469339,69.1093704658566,107.459110056935
ACTEMRA,Hepatic enzyme increased,1965,9615,6525,7650,4560,1470175,66.0940570517558,82.8142952356381
SULFASALAZINE,Mobility decreased,1543,7391,6477,5848,4934,1472025,62.4930927507063,78.7180999522008
LEFLUNOMIDE,Mobility decreased,1455,6928,6477,5473,5022,1472400,61.7849881422434,77.9447100035561
LEFLUNOMIDE,Rheumatoid arthritis,2126,6928,9792,4802,7666,1469756,59.1413355905835,84.8823767121122
SULFASALAZINE,Rheumatoid arthritis,2223,7391,9792,5168,7569,1469390,58.6902817982021,83.5055868363992
CIMZIA,Rheumatoid arthritis,2960,11170,9792,8210,6832,1466348,57.1408234250743,77.3816075101193
SULFASALAZINE,Swelling,1762,7391,7931,5629,6169,1470790,57.0763734831998,74.629503715461
ACTEMRA,Infusion related reaction,2102,9615,7821,7513,5719,1469016,56.3738004809579,71.8663771628391
VEDOLIZUMAB,Crohn's disease,2819,15101,7700,12282,4881,1464368,56.1921907886746,68.8600613173567
LEFLUNOMIDE,Swelling,1650,6928,7931,5278,6281,1471141,56.0211259772774,73.2217432304998
ORENCIA,Joint swelling,3363,11990,10858,8627,7495,1464865,55.0998044289743,76.1891335462388
SULFASALAZINE,Infusion related reaction,1683,7391,7821,5708,6138,1470821,54.7926706849219,70.6534038248525
ACTEMRA,Rheumatoid arthritis,2559,9615,9792,7056,7233,1467502,54.2645892148419,73.5820614088301
XELJANZ,Hepatic enzyme increased,1543,8491,6525,6948,4982,1470877,53.8329562682872,65.5660091643677
ELIGARD,Hot flush,1943,9756,7409,7813,5466,1469128,53.7283921238407,66.8413149315487
LEFLUNOMIDE,Infusion related reaction,1548,6928,7821,5380,6273,1471149,52.6250294067945,67.4792200242142
SULFASALAZINE,Musculoskeletal stiffness,1453,7391,7263,5938,5810,1471149,49.9752205256847,61.9592211022795
REPATHA,Drug dose omission by device,13071,27309,27342,14238,14271,1442770,48.8675294896817,92.8116563305042
ACTEMRA,Swelling,1900,9615,7931,7715,6031,1468704,48.3202276192523,59.9739453738317
SIMPONI,Hepatic enzyme increased,1439,8698,6525,7259,5086,1470566,48.0008563672865,57.318149701427
HYDROXYCHLOROQUINE,Hepatic enzyme increased,1363,8196,6525,6833,5162,1470992,47.5562469497316,56.8429679496561
REMICADE,Infusion related reaction,1764,9142,7821,7378,6057,1469151,46.9951509662798,57.9920940815573
LEFLUNOMIDE,Joint swelling,1960,6928,10858,4968,8898,1468524,46.974303850101,65.1123142257447
ACTEMRA,Mobility decreased,1515,9615,6477,8100,4962,1469773,46.829613329636,55.4014484153642
SULFASALAZINE,Joint swelling,2056,7391,10858,5335,8802,1468157,46.6774350585319,64.2805852891489
INFLIXIMAB,Hepatic enzyme increased,1276,7714,6525,6438,5249,1471387,46.5337357491653,55.5584401318827
XELJANZ,Mobility decreased,1362,8491,6477,7129,5115,1470744,46.2825731989469,54.9338377096729
ACTEMRA,Joint swelling,2516,9615,10858,7099,8342,1466393,46.2599490601537,62.3008043686967
HYDROXYCHLOROQUINE,Mobility decreased,1309,8196,6477,6887,5168,1470986,45.6191153900491,54.0997923242111
LEFLUNOMIDE,Musculoskeletal stiffness,1279,6928,7263,5649,5984,1471438,45.58013869356,55.6736061017851
REMICADE,Hepatic enzyme increased,1435,9142,6525,7707,5090,1470118,45.4931658929469,53.7775428303257
ORENCIA,Rheumatoid arthritis,2640,11990,9792,9350,7152,1465208,45.3284896250231,57.844769048559
SIMPONI,Mobility decreased,1364,8698,6477,7334,5113,1470539,45.2588094036828,53.4901996445641
ENBREL,Hepatic enzyme increased,1725,11884,6525,10159,4800,1467666,44.5277237251767,51.9187389260754
SIMPONI,Rheumatoid arthritis,2034,8698,9792,6664,7758,1467894,44.4800964992352,57.7511823755024
SIMPONI,Swelling,1646,8698,7931,7052,6285,1469367,44.4313077760174,54.5685642421724
DUPIXENT,Eczema,6874,96666,9109,89792,2235,1385449,44.1518426394146,47.4553191885876
ORENCIA,Hepatic enzyme increased,1722,11990,6525,10268,4803,1467557,44.0266243105982,51.2424255438325
ADALIMUMAB,Mobility decreased,1424,9595,6477,8171,5053,1469702,43.3147277730471,50.6891216475813
XELJANZ,Rheumatoid arthritis,1949,8491,9792,6542,7843,1468016,43.1932269511336,55.7634805934081
SULFASALAZINE,Discomfort,1147,7391,6515,6244,5368,1471591,42.6988470137584,50.3587729466189
LEFLUNOMIDE,Drug intolerance,1458,6928,8864,5470,7406,1470016,41.9827128961662,52.9064414889652
XELJANZ,Infusion related reaction,1515,8491,7821,6976,6306,1469553,41.7584811073817,50.6101294556735
CIMZIA,Hepatic enzyme increased,1566,11170,6525,9604,4959,1468221,41.648588795175,48.2766281593196
XELJANZ,Swelling,1533,8491,7931,6958,6398,1469461,41.6470214182245,50.602451690449
INFLIXIMAB,Mobility decreased,1151,7714,6477,6563,5326,1471310,41.3683290477219,48.4480100981452
SULFASALAZINE,Drug intolerance,1480,7391,8864,5911,7384,1469575,40.0530197410015,49.8311400618748
SIMPONI,Infusion related reaction,1485,8698,7821,7213,6336,1469316,39.7626968843412,47.7430940662692
HYDROXYCHLOROQUINE,Rheumatoid arthritis,1768,8196,9792,6428,8024,1468130,39.6845133219181,50.3245599232173
INFLIXIMAB,Infusion related reaction,1338,7714,7821,6376,6483,1470153,39.5069870018837,47.5876564825174
SULFASALAZINE,Sleep disorder,1156,7391,7029,6235,5873,1471086,39.3335432670919,46.4407727806057
LEFLUNOMIDE,Dry mouth,1000,6928,6447,5928,5447,1471975,39.1506798029807,45.586354533578
SULFASALAZINE,Wheezing,1134,7391,6950,6257,5816,1471143,38.9631350687302,45.8434603313065
HYDROXYCHLOROQUINE,Swelling,1399,8196,7931,6797,6532,1469622,38.5745844611668,46.3084146305316
SULFASALAZINE,Dry mouth,1042,7391,6447,6349,5405,1471554,38.5245219233683,44.6830589912766
ADALIMUMAB,Hepatic enzyme increased,1299,9595,6525,8296,5226,1469529,38.204510876491,44.0300484402038
LEFLUNOMIDE,Sleep disorder,1058,6928,7029,5870,5971,1471451,37.7863792587963,44.416701108167
ACTEMRA,Musculoskeletal stiffness,1431,9615,7263,8184,5832,1468903,37.634557789719,44.0402337668803
LEFLUNOMIDE,Wheezing,1038,6928,6950,5890,5912,1471510,37.4420493059093,43.864264446747
CLOZAPINE,Neutropenia,2345,8646,13130,6301,10785,1464919,37.11134725784,50.5506599573535
OXYCODONE,Hepatic enzyme increased,1080,7900,6525,6820,5445,1471005,37.0695679464379,42.7814643367829
LEFLUNOMIDE,Discomfort,962,6928,6515,5966,5553,1471869,36.9440140963689,42.7398809352403
HYDROXYCHLOROQUINE,Infusion related reaction,1328,8196,7821,6868,6493,1469661,36.836841898363,43.7662720149947
REMICADE,Rheumatoid arthritis,1795,9142,9792,7347,7997,1467211,36.220079467013,44.8249580083616
CIMZIA,Mobility decreased,1382,11170,6477,9788,5095,1468085,35.7739170619466,40.6837610933738
REMICADE,Mobility decreased,1170,9142,6477,7972,5307,1469901,35.5753200647185,40.6497210275535
LEFLUNOMIDE,Treatment failure,1071,6928,7500,5857,6429,1470993,35.5257068504902,41.8390126447321
ENBREL,Rheumatoid arthritis,2173,11884,9792,9711,7619,1464847,35.3381968072255,43.0219473645421
SULFASALAZINE,Treatment failure,1122,7391,7500,6269,6378,1470581,35.1539053688775,41.2666317724316
STELARA,Hepatic enzyme increased,1218,9684,6525,8466,5307,1469359,34.9491877763558,39.8334437073269
CIMZIA,Swelling,1657,11170,7931,9513,6274,1466906,34.8321783295743,40.7251584086351
HYDROXYCHLOROQUINE,Musculoskeletal stiffness,1171,8196,7263,7025,6092,1470062,34.6199724846962,40.2240988590135
ORENCIA,Infusion related reaction,1717,11990,7821,10273,6104,1466256,34.5422479632984,40.1484038820157
XELJANZ,Joint swelling,1799,8491,10858,6692,9059,1466800,34.517309035837,43.5277153352199
ORENCIA,Mobility decreased,1419,11990,6477,10571,5058,1467302,34.4507275240241,38.9409916765726
XELJANZ,Musculoskeletal stiffness,1201,8491,7263,7290,6062,1469797,34.4360319838721,39.9444921227788
ACTEMRA,Drug intolerance,1618,9615,8864,7997,7246,1467489,34.2487627078917,40.9758476224057
COSENTYX,Mobility decreased,1612,14313,6477,12701,4865,1465172,34.0313977856251,38.2237143930126
ENBREL,Infusion related reaction,1683,11884,7821,10201,6138,1466328,33.9734666290268,39.4135552807916
INFLIXIMAB,Swelling,1194,7714,7931,6520,6737,1469899,33.9259171457997,39.9556019728065
SIMPONI,Musculoskeletal stiffness,1207,8698,7263,7491,6056,1469596,33.8131749110699,39.1002530204894
REMICADE,Swelling,1372,9142,7931,7770,6559,1468649,33.7542546428029,39.5378887959464
ADALIMUMAB,Rheumatoid arthritis,1760,9595,9792,7835,8032,1466723,33.6793627989345,41.0202279586186
NAPROXEN,Mobility decreased,895,7059,6477,6164,5582,1471709,33.5549096119725,38.2818148849633
ACTEMRA,Dry mouth,1144,9615,6447,8471,5303,1469432,33.0878917525172,37.4213291465532
ORENCIA,Swelling,1682,11990,7931,10308,6249,1466111,33.0529551283668,38.2831715162125
SINGULAIR,Wheezing,877,6465,6950,5588,6073,1471812,33.0117406307813,38.0357736539014
ENBREL,Mobility decreased,1361,11884,6477,10523,5116,1467350,32.9617470115732,37.0955432372456
ADALIMUMAB,Infusion related reaction,1374,9595,7821,8221,6447,1468308,32.7569879321453,38.0646270780847
CIMZIA,Infusion related reaction,1554,11170,7821,9616,6267,1466913,32.7034794097744,37.8269410365204
SIMPONI,Joint swelling,1751,8698,10858,6947,9107,1466545,32.6193540766942,40.5890516423041
SINGULAIR,Asthma,1610,6465,12896,4855,11286,1466599,32.6105363755463,43.0931241334515
INFLIXIMAB,Rheumatoid arthritis,1421,7714,9792,6293,8371,1468265,32.4945519934108,39.606225024181
STELARA,Mobility decreased,1129,9684,6477,8555,5348,1469318,32.1470725100151,36.2575394724706
OXYCODONE,Mobility decreased,941,7900,6477,6959,5536,1470914,31.7676577248116,35.928078175889
OXYCODONE,Infusion related reaction,1136,7900,7821,6764,6685,1469765,31.7591282201793,36.9250610495885
INFLIXIMAB,Musculoskeletal stiffness,1030,7714,7263,6684,6233,1470403,31.6325290452463,36.3529816060787
ENBREL,Swelling,1611,11884,7931,10273,6320,1466146,31.5835610000043,36.3796397278352
GENOTROPIN,Wrong technique in device usage process,1148,10014,6502,8866,5354,1468982,31.5683878953477,35.5264872979937
ADALIMUMAB,Swelling,1351,9595,7931,8244,6580,1468175,31.5576280864369,36.5653131355364
ELIGARD,Device leakage,1255,9756,7342,8501,6087,1468507,31.1631316863522,35.6161054854784
SULFASALAZINE,Confusional state,1424,7391,10571,5967,9147,1467812,31.1097518918475,38.2953203004264
XELJANZ,Sleep disorder,1067,8491,7029,7424,5962,1469897,31.1070247594479,35.4340984957533
SULFASALAZINE,Contusion,1063,7391,7894,6328,6831,1470128,31.0966937418556,36.1524436545599
ACTEMRA,Sleep disorder,1184,9615,7029,8431,5845,1468890,31.0693298493274,35.2920894913158
SIMPONI,Discomfort,1007,8698,6515,7691,5508,1470144,31.0170211668122,34.9472175411432
HYDROXYCHLOROQUINE,Joint swelling,1589,8196,10858,6607,9269,1466885,30.8759787251396,38.0612262193498
STELARA,Infusion related reaction,1312,9684,7821,8372,6509,1468157,30.6943506366713,35.3478370240713
SULFASALAZINE,General physical health deterioration,1621,7391,12207,5770,10586,1466373,30.5996431978752,38.9152448657705
ACTEMRA,Discomfort,1082,9615,6515,8533,5433,1469302,30.5458528077917,34.2923209594418
LEFLUNOMIDE,Alopecia,1629,6928,13013,5299,11384,1466038,30.5156679069445,39.5892710434632
GENOTROPIN,Drug dose omission by device,4676,10014,27342,5338,22666,1451670,30.3730567199744,56.1033701749388
NUCALA,Wheezing,756,6003,6950,5247,6194,1472153,30.0579000135063,34.244630032605
XELJANZ,Discomfort,960,8491,6515,7531,5555,1470304,30.0381510533576,33.7397345099003
COSENTYX,Musculoskeletal stiffness,1642,14313,7263,12671,5621,1464416,30.0024804926451,33.760832080438
COSENTYX,Psoriasis,1867,14313,8296,12446,6429,1463608,29.8262385308519,34.1504059209451
SIMPONI,Sleep disorder,1050,8698,7029,7648,5979,1469673,29.7937584950408,33.7468764892605
ACTEMRA,Treatment failure,1218,9615,7500,8397,6282,1468453,29.738157358195,33.9066789328385
LEFLUNOMIDE,General physical health deterioration,1492,6928,12207,5436,10715,1466707,29.6943163142473,37.5699454424402
HYDROXYCHLOROQUINE,Sleep disorder,989,8196,7029,7207,6040,1470114,29.4909709226597,33.4007211991285
SULFASALAZINE,Abdominal discomfort,1800,7391,14024,5591,12224,1464735,29.4255372672721,38.5770248510836
ACTEMRA,Wheezing,1116,9615,6950,8499,5834,1468901,29.3401593862863,33.0614934108887
OXYCODONE,Swelling,1074,7900,7931,6826,6857,1469593,29.2726327895544,33.7210370696572
XELJANZ,Drug intolerance,1276,8491,8864,7215,7588,1468271,29.228691894739,34.2210426719652
INFLECTRA,Condition aggravated,3913,7312,31080,3399,27167,1449871,29.0953543662471,61.4393148355394
SIMPONI,Dry mouth,940,8698,6447,7758,5507,1470145,28.9585841603047,32.3461929654976
SULFASALAZINE,Hypoaesthesia,1384,7391,10960,6007,9576,1467383,28.8813300784546,35.3051291176724
LEFLUNOMIDE,Confusional state,1258,6928,10571,5670,9313,1468109,28.8063160240137,34.9756891383363
ENBREL,Joint swelling,2048,11884,10858,9836,8810,1463656,28.8029304846585,34.5919099105004
XELJANZ,Wheezing,985,8491,6950,7506,5965,1469894,28.7019768379576,32.3372615682252
ENBREL,Musculoskeletal stiffness,1365,11884,7263,10519,5898,1466568,28.6754680630976,32.2667803462165
FOLIC ACID,Hepatic enzyme increased,1749,18808,6525,17059,4776,1460766,28.5352146873243,31.3583045805262
LEFLUNOMIDE,Abdominal discomfort,1653,6928,14024,5275,12371,1465051,28.4947420193954,37.1106298977007
HYDROXYCHLOROQUINE,Discomfort,887,8196,6515,7309,5628,1470526,28.3856765031428,31.7091263674591
SULFASALAZINE,Alopecia,1617,7391,13013,5774,11396,1465563,28.3545537487156,36.0151553094487
REMICADE,Joint swelling,1622,9142,10858,7520,9236,1465972,28.3386376102036,34.2353490734683
SIMPONI,Wheezing,994,8698,6950,7704,5956,1469696,28.3136750055323,31.8377914327777
INFLIXIMAB,Drug intolerance,1137,7714,8864,6577,7727,1468909,28.1671800650934,32.8637109658097
INFLIXIMAB,Dry mouth,826,7714,6447,6888,5621,1471015,28.1293877541795,31.3827086434003
STELARA,Swelling,1231,9684,7931,8453,6700,1467966,27.9783524447157,31.9071767508135
XELJANZ,Dry mouth,892,8491,6447,7599,5555,1470304,27.9104486870781,31.0693011977866
ADALIMUMAB,Wheezing,1068,9595,6950,8527,5882,1468873,27.9075126790046,31.2776573419783
XELJANZ,Treatment failure,1033,8491,7500,7458,6467,1469392,27.764092824105,31.4711601192647
LEFLUNOMIDE,Gastrointestinal disorder,1229,6928,10685,5699,9456,1467966,27.7166732548563,33.4781737690199
NAPROXEN,Hepatic enzyme increased,763,7059,6525,6296,5762,1471529,27.7124009667316,30.9496249085385
LEFLUNOMIDE,Hypersensitivity,1541,6928,13415,5387,11874,1465548,27.6759334005907,35.3068250601991
LEFLUNOMIDE,Sinusitis,1127,6928,9814,5801,8687,1468735,27.6662805920875,32.846921555246
OXYCODONE,Dry mouth,830,7900,6447,7070,5617,1470833,27.6162891583642,30.7409737413122
LEFLUNOMIDE,Contusion,902,6928,7894,6026,6992,1470430,27.5107101121176,31.4789577923582
REMICADE,Musculoskeletal stiffness,1057,9142,7263,8085,6206,1469002,27.4837037121118,30.9460753662494
SULFASALAZINE,Sinusitis,1186,7391,9814,6205,8628,1468331,27.4688064905211,32.5279530655023
ADALIMUMAB,Musculoskeletal stiffness,1101,9595,7263,8494,6162,1468593,27.4625286620293,30.8926256783814
HYDROXYCHLOROQUINE,Dry mouth,852,8196,6447,7344,5595,1470559,27.4264262826174,30.4922371748819
SYMBICORT,Asthma,1571,7484,12896,5913,11325,1465541,27.3744427965827,34.3817571266066
LEFLUNOMIDE,Hypoaesthesia,1244,6928,10960,5684,9716,1467706,27.3042063185698,33.0611438027888
INFLIXIMAB,Wheezing,867,7714,6950,6847,6083,1470553,27.2831869364296,30.6112902041212
HYDROXYCHLOROQUINE,Drug intolerance,1165,8196,8864,7031,7699,1468455,27.2534397392473,31.6034976678809
SULFASALAZINE,Maternal exposure during pregnancy,1160,7391,9696,6231,8536,1468423,27.1561888448894,32.0255804449651
HUMAN IMMUNOGLOBULIN G,Sinusitis,1045,6514,9814,5469,8769,1469067,27.0361413208174,32.0110485580187
EPINEPHRINE,Sinusitis,1115,7006,9814,5891,8699,1468645,27.0281945447577,31.954597009094
LEFLUNOMIDE,Maternal exposure during pregnancy,1088,6928,9696,5840,8608,1468814,26.9540059410871,31.7892728013444
COSENTYX,Hepatic enzyme increased,1354,14313,6525,12959,5171,1464866,26.8931529060292,29.5985567979007
REMICADE,Drug intolerance,1265,9142,8864,7877,7599,1467609,26.8624810994112,31.0158438759448
RAMIPRIL,Mobility decreased,1010,10164,6477,9154,5467,1468719,26.7953803461893,29.6414950664921
CIMZIA,Musculoskeletal stiffness,1226,11170,7263,9944,6037,1467143,26.7837840923971,29.962677827039
HYDROXYCHLOROQUINE,Wheezing,898,8196,6950,7298,6052,1470102,26.7243490368329,29.8896635661664
FOLIC ACID,Rheumatoid arthritis,2495,18808,9792,16313,7297,1458245,26.6429222062498,30.5648918565038
SULFASALAZINE,Hypersensitivity,1574,7391,13415,5817,11841,1465118,26.5632729091848,33.4803421130797
INFLIXIMAB,Treatment failure,911,7714,7500,6803,6589,1470047,26.466266854591,29.8764930936815
INFLIXIMAB,Joint swelling,1318,7714,10858,6396,9540,1467096,26.4460523462201,31.689625984794
KEYTRUDA,Malignant neoplasm progression,1433,12656,7782,11223,6349,1465345,26.2459269942866,29.4694334883446
ACTEMRA,Contusion,1153,9615,7894,8462,6741,1467994,26.234311992269,29.6726435601119
HYDROCORTISONE,Hepatic enzyme increased,810,8083,6525,7273,5715,1470552,25.8857717324491,28.6573206260671
ADALIMUMAB,Dry mouth,929,9595,6447,8666,5518,1469237,25.8767014995313,28.5434976792064
HYDROCORTISONE,Infusion related reaction,969,8083,7821,7114,6852,1469415,25.8284744657714,29.210368162332
CIMZIA,Joint swelling,1778,11170,10858,9392,9080,1464100,25.8254887422651,30.5252032848277
IBRANCE,White blood cell count decreased,1133,8072,9170,6939,8037,1468241,25.7823759056386,29.8288425292282
OXYCODONE,Wheezing,841,7900,6950,7059,6109,1470341,25.7286810702616,28.6748236938754
SIMPONI,Drug intolerance,1167,8698,8864,7531,7697,1467955,25.7225438906732,29.5535369487552
HYDROXYCHLOROQUINE,Treatment failure,937,8196,7500,7259,6563,1469591,25.7138380662642,28.9039284737707
CIMZIA,Maternal exposure during pregnancy,1581,11170,9696,9589,8115,1465065,25.6948440915642,29.7664416000389
NAPROXEN,Swelling,862,7059,7931,6197,7069,1470222,25.5194996015136,28.9301513130683
RITUXIMAB,Hepatic enzyme increased,1934,24136,6525,22202,4591,1455623,25.4859242409617,27.6188752130372
ORENCIA,Musculoskeletal stiffness,1245,11990,7263,10745,6018,1466342,25.4045785911656,28.2322845330922
INFLIXIMAB,Sleep disorder,822,7714,7029,6892,6207,1470429,25.3503459152874,28.2545804397166
SULFASALAZINE,Gastrointestinal disorder,1200,7391,10685,6191,9485,1467474,25.2818673382628,29.9884156835892
NAPROXEN,Musculoskeletal stiffness,782,7059,7263,6277,6481,1470810,25.2515244414574,28.2728231690693
CIMZIA,Discomfort,1043,11170,6515,10127,5472,1467708,25.1385868711618,27.6246682483339
REMICADE,Treatment failure,1010,9142,7500,8132,6490,1468718,25.112428827953,28.107209093107
LEFLUNOMIDE,Drug hypersensitivity,1360,6928,12916,5568,11556,1465866,25.0973610181808,30.9832106921617
COSENTYX,Swelling,1557,14313,7931,12756,6374,1463663,25.0884683223352,28.0287117511433
ADALIMUMAB,Sleep disorder,985,9595,7029,8610,6044,1468711,25.0487854569357,27.8000112031706
