drug,reaction,a,b,c,d,PRR,ROR,chi2,pvalue
PAXLOVID,Disease recurrence,3981,5736,2969,1471664,203.48562094405384,344.0182668607691,344191.45435031515,0.0
REPATHA,Device difficult to use,12987,14322,4803,1452238,144.26541489949534,274.1765965291383,504856.7288158774,0.0
DUPIXENT,Dermatitis atopic,8851,87815,979,1386705,129.78559181497226,142.76607662000922,113386.75951966802,0.0
VEDOLIZUMAB,Colitis ulcerative,3671,11430,3100,1466149,115.21589211139616,151.89887898286906,191116.8514502973,0.0
GENOTROPIN,Device leakage,2848,7166,4494,1469842,93.30304125181576,129.98725301363146,159916.4570489799,0.0
LEFLUNOMIDE,Hepatic enzyme increased,1612,5316,4913,1472509,69.97049657105224,90.88480064790257,82828.86267718775,0.0
SULFASALAZINE,Hepatic enzyme increased,1678,5713,4847,1472112,69.180576067386,89.20630801926308,84075.79051135888,0.0
INFLECTRA,Intentional product use issue,2634,4678,7699,1469339,69.10937046585663,107.45911005693536,132606.9038706569,0.0
ACTEMRA,Hepatic enzyme increased,1965,7650,4560,1470175,66.09405705175574,82.81429523563811,88380.11364710798,0.0
SULFASALAZINE,Mobility decreased,1543,5848,4934,1472025,62.49309275070629,78.71809995220079,71387.7202271272,0.0
LEFLUNOMIDE,Mobility decreased,1455,5473,5022,1472400,61.78498814224341,77.94471000355607,67712.65468145604,0.0
LEFLUNOMIDE,Rheumatoid arthritis,2126,4802,7666,1469756,59.14133559058354,84.88237671211219,95720.5568851976,0.0
SULFASALAZINE,Rheumatoid arthritis,2223,5168,7569,1469390,58.69028179820205,83.50558683639925,98043.8547901251,0.0
CIMZIA,Rheumatoid arthritis,2960,8210,6832,1466348,57.140823425074274,77.38160751011932,114631.29616508912,0.0
SULFASALAZINE,Swelling,1762,5629,6169,1470790,57.0763734831998,74.62950371546096,75870.11079334914,0.0
ACTEMRA,Infusion related reaction,2102,7513,5719,1469016,56.37380048095786,71.86637716283906,84004.87084900039,0.0
VEDOLIZUMAB,Crohn's disease,2819,12282,4881,1464368,56.192190788674566,68.86006131735667,97340.3110590684,0.0
LEFLUNOMIDE,Swelling,1650,5278,6281,1471141,56.02112597727741,73.2217432304998,70949.4939281272,0.0
ORENCIA,Joint swelling,3363,8627,7495,1464865,55.09980442897434,76.18913354623882,124178.3621290152,0.0
SULFASALAZINE,Infusion related reaction,1683,5708,6138,1470821,54.79267068492194,70.6534038248525,70081.37164204488,0.0
ACTEMRA,Rheumatoid arthritis,2559,7056,7233,1467502,54.26458921484192,73.58206140883009,99443.95860726669,0.0
XELJANZ,Hepatic enzyme increased,1543,6948,4982,1470877,53.832956268287184,65.56600916436766,61316.24476705355,0.0
ELIGARD,Hot flush,1943,7813,5466,1469128,53.72839212384074,66.84131493154874,74509.54687548621,0.0
LEFLUNOMIDE,Infusion related reaction,1548,5380,6273,1471149,52.62502940679455,67.47922002421424,63171.20935695049,0.0
SULFASALAZINE,Musculoskeletal stiffness,1453,5938,5810,1471149,49.9752205256847,61.95922110227949,56020.56005465767,0.0
REPATHA,Drug dose omission by device,13071,14238,14271,1442770,48.86752948968174,92.8116563305042,325862.5181219167,0.0
ACTEMRA,Swelling,1900,7715,6031,1468704,48.32022761925234,59.97394537383166,67277.73926836815,0.0
SIMPONI,Hepatic enzyme increased,1439,7259,5086,1470566,48.00085636728653,57.31814970142696,51811.050921317365,0.0
HYDROXYCHLOROQUINE,Hepatic enzyme increased,1363,6833,5162,1470992,47.55624694973158,56.84296794965608,49325.0638742984,0.0
REMICADE,Infusion related reaction,1764,7378,6057,1469151,46.99515096627976,57.99209408155728,61788.279901023496,0.0
LEFLUNOMIDE,Joint swelling,1960,4968,8898,1468524,46.974303850101,65.1123142257447,72766.19250898805,0.0
ACTEMRA,Mobility decreased,1515,8100,4962,1469773,46.82961332963597,55.40144841536417,52248.23620529963,0.0
SULFASALAZINE,Joint swelling,2056,5335,8802,1468157,46.67743505853195,64.28058528914895,75010.60038306656,0.0
INFLIXIMAB,Hepatic enzyme increased,1276,6438,5249,1471387,46.53373574916525,55.55844013188269,45899.60696489768,0.0
XELJANZ,Mobility decreased,1362,7129,5115,1470744,46.28257319894689,54.93383770967289,47826.09318170416,0.0
ACTEMRA,Joint swelling,2516,7099,8342,1466393,46.25994906015372,62.30080436869673,86191.59065152192,0.0
HYDROXYCHLOROQUINE,Mobility decreased,1309,6887,5168,1470986,45.61911539004906,54.09979232421114,45744.759283576095,0.0
LEFLUNOMIDE,Musculoskeletal stiffness,1279,5649,5984,1471438,45.580138693560045,55.67360610178509,46135.43731754887,0.0
REMICADE,Hepatic enzyme increased,1435,7707,5090,1470118,45.49316589294687,53.77754283032571,48891.29181548629,0.0
ORENCIA,Rheumatoid arthritis,2640,9350,7152,1465208,45.328489625023096,57.84476904855902,84112.29870253951,0.0
SIMPONI,Mobility decreased,1364,7334,5113,1470539,45.2588094036828,53.49019964456408,46771.815090049575,0.0
ENBREL,Hepatic enzyme increased,1725,10159,4800,1467666,44.52772372517671,51.9187389260754,54200.69812859529,0.0
SIMPONI,Rheumatoid arthritis,2034,6664,7758,1467894,44.48009649923522,57.7511823755024,68912.70708280394,0.0
SIMPONI,Swelling,1646,7052,6285,1469367,44.43130777601743,54.56856424217237,55638.96141159689,0.0
DUPIXENT,Eczema,6874,89792,2235,1385449,44.15184263941464,47.45531918858757,71560.01196777429,0.0
ORENCIA,Hepatic enzyme increased,1722,10268,4803,1467557,44.0266243105982,51.24242554383253,53502.919525862366,0.0
ADALIMUMAB,Mobility decreased,1424,8171,5053,1469702,43.31472777304708,50.68912164758129,46091.18013349762,0.0
XELJANZ,Rheumatoid arthritis,1949,6542,7843,1468016,43.19322695113364,55.76348059340809,64734.75150346512,0.0
SULFASALAZINE,Discomfort,1147,6244,5368,1471591,42.69884701375842,50.35877294661892,38620.16069043683,0.0
LEFLUNOMIDE,Drug intolerance,1458,5470,7406,1470016,41.982712896166205,52.90644148896517,48993.333871819,0.0
XELJANZ,Infusion related reaction,1515,6976,6306,1469553,41.75848110738173,50.61012945567349,48819.63205753884,0.0
CIMZIA,Hepatic enzyme increased,1566,9604,4959,1468221,41.64858879517505,48.27662815931958,47393.956005656815,0.0
XELJANZ,Swelling,1533,6958,6398,1469461,41.647021418224526,50.60245169044904,49290.88917572834,0.0
INFLIXIMAB,Mobility decreased,1151,6563,5326,1471310,41.36832904772192,48.4480100981452,37413.348956270864,0.0
SULFASALAZINE,Drug intolerance,1480,5911,7384,1469575,40.05301974100151,49.831140061874834,47195.038216633446,0.0
SIMPONI,Infusion related reaction,1485,7213,6336,1469316,39.76269688434122,47.74309406626924,45669.26162239893,0.0
HYDROXYCHLOROQUINE,Rheumatoid arthritis,1768,6428,8024,1468130,39.6845133219181,50.32455992321728,54963.7077511325,0.0
INFLIXIMAB,Infusion related reaction,1338,6376,6483,1470153,39.50698700188374,47.587656482517446,41815.23421724263,0.0
SULFASALAZINE,Sleep disorder,1156,6235,5873,1471086,39.333543267091926,46.44077278060568,36223.72360516911,0.0
LEFLUNOMIDE,Dry mouth,1000,5928,5447,1471975,39.150679802980726,45.58635453357802,31514.285289537213,0.0
SULFASALAZINE,Wheezing,1134,6257,5816,1471143,38.9631350687302,45.84346033130652,35234.328210054875,0.0
HYDROXYCHLOROQUINE,Swelling,1399,6797,6532,1469622,38.574584461166815,46.30841463053159,42367.14761946629,0.0
SULFASALAZINE,Dry mouth,1042,6349,5405,1471554,38.524521923368304,44.6830589912766,32037.533011982177,0.0
ADALIMUMAB,Hepatic enzyme increased,1299,8296,5226,1469529,38.20451087649099,44.03004844020385,37830.51767748494,0.0
LEFLUNOMIDE,Sleep disorder,1058,5870,5971,1471451,37.786379258796266,44.41670110816705,32308.42032822801,0.0
ACTEMRA,Musculoskeletal stiffness,1431,8184,5832,1468903,37.63455778971899,44.04023376688027,41148.36388681693,0.0
LEFLUNOMIDE,Wheezing,1038,5890,5912,1471510,37.44204930590931,43.86426444674697,31433.965239750003,0.0
CLOZAPINE,Neutropenia,2345,6301,10785,1464919,37.111347257839945,50.55065995735347,68256.83778429173,0.0
OXYCODONE,Hepatic enzyme increased,1080,6820,5445,1471005,37.06956794643792,42.78146433678292,31739.728216658197,0.0
LEFLUNOMIDE,Discomfort,962,5966,5553,1471869,36.94401409636885,42.739880935240265,28770.105507320342,0.0
HYDROXYCHLOROQUINE,Infusion related reaction,1328,6868,6493,1469661,36.83684189836305,43.76627201499469,38611.30783773897,0.0
REMICADE,Rheumatoid arthritis,1795,7347,7997,1467211,36.220079467012994,44.82495800836161,50509.77932587663,0.0
CIMZIA,Mobility decreased,1382,9788,5095,1468085,35.77391706194656,40.68376109337383,36880.13213642494,0.0
REMICADE,Mobility decreased,1170,7972,5307,1469901,35.57532006471848,40.64972102755348,32326.558872259782,0.0
LEFLUNOMIDE,Treatment failure,1071,5857,6429,1470993,35.52570685049018,41.83901264473212,30931.051627020595,0.0
ENBREL,Rheumatoid arthritis,2173,9711,7619,1464847,35.3381968072255,43.02194736454205,56762.82133889703,0.0
SULFASALAZINE,Treatment failure,1122,6269,6378,1470581,35.15390536887748,41.266631772431566,31792.355734090725,0.0
STELARA,Hepatic enzyme increased,1218,8466,5307,1469359,34.94918777635579,39.8334437073269,32785.46152324719,0.0
CIMZIA,Swelling,1657,9513,6274,1466906,34.83217832957433,40.72515840863505,43278.59160649314,0.0
HYDROXYCHLOROQUINE,Musculoskeletal stiffness,1171,7025,6092,1470062,34.61997248469619,40.22409885901352,32196.959687987877,0.0
ORENCIA,Infusion related reaction,1717,10273,6104,1466256,34.54224796329838,40.14840388201573,43851.85435030486,0.0
XELJANZ,Joint swelling,1799,6692,9059,1466800,34.51730903583697,43.52771533521993,49181.45796293034,0.0
ORENCIA,Mobility decreased,1419,10571,5058,1467302,34.450727524024074,38.94099167657257,36122.80211004638,0.0
XELJANZ,Musculoskeletal stiffness,1201,7290,6062,1469797,34.43603198387207,39.94449212277884,32674.943740674666,0.0
ACTEMRA,Drug intolerance,1618,7997,7246,1467489,34.2487627078917,40.97584762240574,42921.617420095215,0.0
COSENTYX,Mobility decreased,1612,12701,4865,1465172,34.03139778562514,38.22371439301257,38964.30966170921,0.0
ENBREL,Infusion related reaction,1683,10201,6138,1466328,33.973466629026824,39.41355528079157,42468.24770905835,0.0
INFLIXIMAB,Swelling,1194,6520,6737,1469899,33.92591714579965,39.95560197280653,32556.444041066632,0.0
SIMPONI,Musculoskeletal stiffness,1207,7491,6056,1469596,33.813174911069915,39.10025302048941,32176.947737077637,0.0
REMICADE,Swelling,1372,7770,6559,1468649,33.754254642802856,39.53788879594643,36230.06511627001,0.0
ADALIMUMAB,Rheumatoid arthritis,1760,7835,8032,1466723,33.679362798934534,41.02022795861862,46053.93163572735,0.0
NAPROXEN,Mobility decreased,895,6164,5582,1471709,33.55490961197247,38.28181488496328,24440.630248775968,0.0
ACTEMRA,Dry mouth,1144,8471,5303,1469432,33.08789175251717,37.42132914655325,29383.230257390816,0.0
ORENCIA,Swelling,1682,10308,6249,1466111,33.05295512836683,38.28317151621248,41389.73523262488,0.0
SINGULAIR,Wheezing,877,5588,6073,1471812,33.01174063078129,38.035773653901394,23872.251823434905,0.0
ENBREL,Mobility decreased,1361,10523,5116,1467350,32.96174701157317,37.095543237245614,33437.435424715884,0.0
ADALIMUMAB,Infusion related reaction,1374,8221,6447,1468308,32.75698793214533,38.06462707808471,35028.60831804579,0.0
CIMZIA,Infusion related reaction,1554,9616,6267,1466913,32.70347940977444,37.82694103652043,38447.85678501686,0.0
SIMPONI,Joint swelling,1751,6947,9107,1466545,32.61935407669424,40.58905164230408,45318.27741802425,0.0
SINGULAIR,Asthma,1610,4855,11286,1466599,32.61053637554635,43.093124133451525,43523.79625568088,0.0
INFLIXIMAB,Rheumatoid arthritis,1421,6293,8371,1468265,32.49455199341083,39.60622502418102,37300.76623368746,0.0
STELARA,Mobility decreased,1129,8555,5348,1469318,32.14707251001506,36.257539472470576,28229.55045590005,0.0
OXYCODONE,Mobility decreased,941,6959,5536,1470914,31.76765772481159,35.928078175889,24045.592314334222,0.0
OXYCODONE,Infusion related reaction,1136,6764,6685,1469765,31.75912822017932,36.9250610495885,29053.223955197154,0.0
INFLIXIMAB,Musculoskeletal stiffness,1030,6684,6233,1470403,31.63252904524627,36.35298160607865,26323.434123190087,0.0
ENBREL,Swelling,1611,10273,6320,1466146,31.58356100000426,36.37963972783516,38198.444705965136,0.0
GENOTROPIN,Wrong technique in device usage process,1148,8866,5354,1468982,31.568387895347705,35.526487297993675,28078.834799363667,0.0
ADALIMUMAB,Swelling,1351,8244,6580,1468175,31.557628086436868,36.56531313553636,33318.13676814854,0.0
ELIGARD,Device leakage,1255,8501,6087,1468507,31.163131686352184,35.61610548547841,30502.674337076714,0.0
SULFASALAZINE,Confusional state,1424,5967,9147,1467812,31.109751891847463,38.29532030042644,36139.122982557565,0.0
XELJANZ,Sleep disorder,1067,7424,5962,1469897,31.107024759447928,35.434098495753275,26471.49275050363,0.0
SULFASALAZINE,Contusion,1063,6328,6831,1470128,31.0966937418556,36.15244365455985,26911.335512055222,0.0
ACTEMRA,Sleep disorder,1184,8431,5845,1468890,31.069329849327424,35.29208949131576,28763.26459312576,0.0
SIMPONI,Discomfort,1007,7691,5508,1470144,31.0170211668122,34.94721754114322,24814.530455038755,0.0
HYDROXYCHLOROQUINE,Joint swelling,1589,6607,9269,1466885,30.87597872513957,38.06122621934977,39476.16454010384,0.0
STELARA,Infusion related reaction,1312,8372,6509,1468157,30.69435063667128,35.34783702407127,31508.294159187026,0.0
SULFASALAZINE,General physical health deterioration,1621,5770,10586,1466373,30.599643197875245,38.915244865770525,40557.43383430318,0.0
ACTEMRA,Discomfort,1082,8533,5433,1469302,30.54585280779168,34.29232095944181,25875.33300232857,0.0
LEFLUNOMIDE,Alopecia,1629,5299,11384,1466038,30.51566790694448,39.58927104346317,41017.39561055893,0.0
GENOTROPIN,Drug dose omission by device,4676,5338,22666,1451670,30.37305671997437,56.1033701749388,112151.88516173536,0.0
NUCALA,Wheezing,756,5247,6194,1472153,30.057900013506323,34.244630032605,18989.75569437004,0.0
XELJANZ,Discomfort,960,7531,5555,1470304,30.0381510533576,33.73973450990033,23053.94110129045,0.0
COSENTYX,Musculoskeletal stiffness,1642,12671,5621,1464416,30.002480492645105,33.76083208043796,35779.78617091147,0.0
COSENTYX,Psoriasis,1867,12446,6429,1463608,29.826238530851867,34.150405920945104,40512.35345989946,0.0
SIMPONI,Sleep disorder,1050,7648,5979,1469673,29.79375849504076,33.74687648926053,24947.47345171486,0.0
ACTEMRA,Treatment failure,1218,8397,6282,1468453,29.738157358195,33.9066789328385,28452.22354469972,0.0
LEFLUNOMIDE,General physical health deterioration,1492,5436,10715,1466707,29.694316314247256,37.569945442440215,36589.30104762319,0.0
HYDROXYCHLOROQUINE,Sleep disorder,989,7207,6040,1470114,29.490970922659734,33.40072119912851,23478.447648855712,0.0
SULFASALAZINE,Abdominal discomfort,1800,5591,12224,1464735,29.42553726727214,38.57702485108359,43468.88866275118,0.0
ACTEMRA,Wheezing,1116,8499,5834,1468901,29.34015938628632,33.06149341088869,25740.71103903888,0.0
OXYCODONE,Swelling,1074,6826,6857,1469593,29.27263278955442,33.721037069657186,25467.53295199136,0.0
XELJANZ,Drug intolerance,1276,7215,7588,1468271,29.228691894738997,34.22104267196518,29934.16082790821,0.0
INFLECTRA,Condition aggravated,3913,3399,27167,1449871,29.09535436624705,61.43931483553941,94752.43763484844,0.0
SIMPONI,Dry mouth,940,7758,5507,1470145,28.95858416030468,32.346192965497565,21744.38736930446,0.0
SULFASALAZINE,Hypoaesthesia,1384,6007,9576,1467383,28.881330078454603,35.30512911767238,32765.086490002348,0.0
LEFLUNOMIDE,Confusional state,1258,5670,9313,1468109,28.806316024013714,34.975689138336335,29936.285974583043,0.0
ENBREL,Joint swelling,2048,9836,8810,1463656,28.80293048465855,34.591909910500426,44902.19204950072,0.0
XELJANZ,Wheezing,985,7506,5965,1469894,28.70197683795761,32.337261568225166,22685.59821500916,0.0
ENBREL,Musculoskeletal stiffness,1365,10519,5898,1466568,28.675468063097565,32.266780346216514,29730.257120162994,0.0
FOLIC ACID,Hepatic enzyme increased,1749,17059,4776,1460766,28.53521468732433,31.358304580526173,34144.60077288812,0.0
LEFLUNOMIDE,Abdominal discomfort,1653,5275,12371,1465051,28.494742019395357,37.11062989770067,39029.177522455415,0.0
HYDROXYCHLOROQUINE,Discomfort,887,7309,5628,1470526,28.385676503142797,31.70912636745907,20310.04509105244,0.0
SULFASALAZINE,Alopecia,1617,5774,11396,1465563,28.354553748715567,36.015155309448694,37676.08828395607,0.0
REMICADE,Joint swelling,1622,7520,9236,1465972,28.33863761020363,34.2353490734683,36632.69996183422,0.0
SIMPONI,Wheezing,994,7704,5956,1469696,28.31367500553225,31.83779143277772,22526.972148677145,0.0
INFLIXIMAB,Drug intolerance,1137,6577,7727,1468909,28.16718006509336,32.863710965809666,26102.99983095613,0.0
INFLIXIMAB,Dry mouth,826,6888,5621,1471015,28.12938775417954,31.382708643400257,18901.569737496426,0.0
STELARA,Swelling,1231,8453,6700,1467966,27.978352444715703,31.90717675081354,27175.1501516886,0.0
XELJANZ,Dry mouth,892,7599,5555,1470304,27.910448687078105,31.069301197786576,20005.46589020867,0.0
ADALIMUMAB,Wheezing,1068,8527,5882,1468873,27.90751267900462,31.27765734197834,23536.99763466963,0.0
XELJANZ,Treatment failure,1033,7458,6467,1469392,27.764092824105028,31.471160119264656,23074.09449090716,0.0
LEFLUNOMIDE,Gastrointestinal disorder,1229,5699,9456,1467966,27.71667325485633,33.478173769019946,28188.86746426113,0.0
NAPROXEN,Hepatic enzyme increased,763,6296,5762,1471529,27.71240096673159,30.94962490853848,17401.582857195917,0.0
LEFLUNOMIDE,Hypersensitivity,1541,5387,11874,1465548,27.67593340059073,35.3068250601991,35366.73769324449,0.0
LEFLUNOMIDE,Sinusitis,1127,5801,8687,1468735,27.66628059208751,32.84692155524604,25787.00826339025,0.0
OXYCODONE,Dry mouth,830,7070,5617,1470833,27.61628915836419,30.740973741312175,18607.96759795444,0.0
LEFLUNOMIDE,Contusion,902,6026,6992,1470430,27.51071011211757,31.47895779235821,20495.82643610326,0.0
REMICADE,Musculoskeletal stiffness,1057,8085,6206,1469002,27.48370371211183,30.946075366249392,23139.501637508376,0.0
SULFASALAZINE,Sinusitis,1186,6205,8628,1468331,27.468806490521143,32.52795306550231,26747.095723971965,0.0
ADALIMUMAB,Musculoskeletal stiffness,1101,8494,6162,1468593,27.462528662029325,30.89262567838137,23912.9550511736,0.0
HYDROXYCHLOROQUINE,Dry mouth,852,7344,5595,1470559,27.426426282617427,30.49223717488187,18886.34539401284,0.0
SYMBICORT,Asthma,1571,5913,11325,1465541,27.374442796582677,34.38175712660658,35341.24694519141,0.0
LEFLUNOMIDE,Hypoaesthesia,1244,5684,9716,1467706,27.304206318569783,33.061143802788784,28130.18703886742,0.0
INFLIXIMAB,Wheezing,867,6847,6083,1470553,27.283186936429605,30.61129020412121,19280.95016746435,0.0
HYDROXYCHLOROQUINE,Drug intolerance,1165,7031,7699,1468455,27.253439739247256,31.603497667880884,25721.3407740588,0.0
SULFASALAZINE,Maternal exposure during pregnancy,1160,6231,8536,1468423,27.156188844889368,32.025580444965065,25873.50959715454,0.0
HUMAN IMMUNOGLOBULIN G,Sinusitis,1045,5469,8769,1469067,27.03614132081736,32.01104855801871,23543.78107218478,0.0
EPINEPHRINE,Sinusitis,1115,5891,8699,1468645,27.028194544757703,31.954597009093952,24914.011110949574,0.0
LEFLUNOMIDE,Maternal exposure during pregnancy,1088,5840,8608,1468814,26.95400594108708,31.7892728013444,24274.685884029645,0.0
COSENTYX,Hepatic enzyme increased,1354,12959,5171,1464866,26.89315290602916,29.598556797900716,26848.35608644588,0.0
REMICADE,Drug intolerance,1265,7877,7599,1467609,26.8624810994112,31.015843875944803,27142.748435584635,0.0
RAMIPRIL,Mobility decreased,1010,9154,5467,1468719,26.79538034618933,29.641495066492062,21240.74954779766,0.0
CIMZIA,Musculoskeletal stiffness,1226,9944,6037,1467143,26.78378409239709,29.96267782703897,25396.64650792834,0.0
HYDROXYCHLOROQUINE,Wheezing,898,7298,6052,1470102,26.724349036832887,29.889663566166394,19431.43904219412,0.0
FOLIC ACID,Rheumatoid arthritis,2495,16313,7297,1458245,26.642922206249786,30.564891856503767,46172.98238312775,0.0
SULFASALAZINE,Hypersensitivity,1574,5817,11841,1465118,26.563272909184747,33.48034211307968,34467.39030448398,0.0
INFLIXIMAB,Treatment failure,911,6803,6589,1470047,26.466266854591016,29.876493093681475,19688.664616996117,0.0
INFLIXIMAB,Joint swelling,1318,6396,9540,1467096,26.44605234622013,31.68962598479396,28538.96012012421,0.0
KEYTRUDA,Malignant neoplasm progression,1433,11223,6349,1465345,26.24592699428661,29.469433488344585,28519.77167459306,0.0
ACTEMRA,Contusion,1153,8462,6741,1467994,26.23431199226904,29.67264356011189,24004.427002470864,0.0
HYDROCORTISONE,Hepatic enzyme increased,810,7273,5715,1470552,25.88577173244907,28.657320626067072,17026.061927595078,0.0
ADALIMUMAB,Dry mouth,929,8666,5518,1469237,25.876701499531308,28.54349767920643,19077.313655788254,0.0
HYDROCORTISONE,Infusion related reaction,969,7114,6852,1469415,25.828474465771382,29.21036816233204,20347.24330959361,0.0
CIMZIA,Joint swelling,1778,9392,9080,1464100,25.82548874226511,30.52520328482765,35722.94904304157,0.0
IBRANCE,White blood cell count decreased,1133,6939,8037,1468241,25.7823759056386,29.828842529228247,23779.77460623516,0.0
OXYCODONE,Wheezing,841,7059,6109,1470341,25.728681070261555,28.67482369387538,17630.4579705205,0.0
SIMPONI,Drug intolerance,1167,7531,7697,1467955,25.72254389067323,29.553536948755244,24201.7430953256,0.0
HYDROXYCHLOROQUINE,Treatment failure,937,7259,6563,1469591,25.71383806626423,28.90392847377072,19552.80584912085,0.0
CIMZIA,Maternal exposure during pregnancy,1581,9589,8115,1465065,25.69484409156425,29.76644160003886,31590.21100105229,0.0
NAPROXEN,Swelling,862,6197,7069,1470222,25.519499601513598,28.930151313068333,18175.568554307378,0.0
RITUXIMAB,Hepatic enzyme increased,1934,22202,4591,1455623,25.48592424096171,27.6188752130372,32135.979741736028,0.0
ORENCIA,Musculoskeletal stiffness,1245,10745,6018,1466342,25.40457859116562,28.23228453309221,24282.880530776973,0.0
INFLIXIMAB,Sleep disorder,822,6892,6207,1470429,25.35034591528737,28.2545804397166,17037.064194062266,0.0
SULFASALAZINE,Gastrointestinal disorder,1200,6191,9485,1467474,25.281867338262845,29.988415683589192,25001.026107387053,0.0
NAPROXEN,Musculoskeletal stiffness,782,6277,6481,1470810,25.25152444145745,28.27282316906932,16310.686288535486,0.0
CIMZIA,Discomfort,1043,10127,5472,1467708,25.138586871161788,27.62466824833388,20373.80435665468,0.0
REMICADE,Treatment failure,1010,8132,6490,1468718,25.112428827953007,28.10720909310703,20316.42155761294,0.0
LEFLUNOMIDE,Drug hypersensitivity,1360,5568,11556,1465866,25.097361018180774,30.98321069216171,28378.57836818015,0.0
COSENTYX,Swelling,1557,12756,6374,1463663,25.088468322335213,28.0287117511433,29077.043718872443,0.0
ADALIMUMAB,Sleep disorder,985,8610,6044,1468711,25.048785456935747,27.80001120317056,19627.539419765384,0.0
